{
	"files": [

	],
	"folders": {
		"Characters": {
			"files": [
				"character-1676756724.json",
				"character-1676756794.json",
				"character-1676756818.json",
				"character-1676756832.json"
			],
			"folders": {

			},
			"metadata": {
				"color": null,
				"folded": false
			}
		},
		"Definitions": {
			"files": [

			],
			"folders": {

			},
			"metadata": {
				"color": null,
				"folded": false
			}
		},
		"Themes": {
			"files": [
				"default-theme.cfg"
			],
			"folders": {

			},
			"metadata": {
				"color": null,
				"folded": false
			}
		},
		"Timelines": {
			"files": [
				"timeline-1676756868.json",
				"timeline-1677078455.json",
				"timeline-1677078500.json",
				"timeline-1677078986.json",
				"timeline-1677079105.json",
				"timeline-1677168320.json"
			],
			"folders": {

			},
			"metadata": {
				"color": null,
				"folded": false
			}
		}
	}
}
