{
	"events": [
		{
			"animation": "[Default]",
			"animation_length": 0,
			"change_mirror_portrait": false,
			"change_z_index": false,
			"character": "character-1676756794.json",
			"event_id": "dialogic_002",
			"mirror_portrait": false,
			"portrait": "Default",
			"portrait_definition": "",
			"position": {
				"0": false,
				"1": false,
				"2": false,
				"3": false,
				"4": false
			},
			"type": 0,
			"z_index": 0
		},
		{
			"character": "character-1676756794.json",
			"event_id": "dialogic_001",
			"portrait": "",
			"text": "Coots?....\nCoots?... Can you hear me?\nI see you've gotten yourself into a bit of a pickle.\nWhich, honestly, I expected\nDers is currently being held in Ludwig's compound on the other side of the jungle.\nTo reach her, your probably going to have to do a lot of kicking ass\n...and biting hands.\nNow as for getting past those guards...\nYou are on you own... \nSorry\nGodSpeed "
		}
	],
	"metadata": {
		"dialogic-version": "1.4.5",
		"file": "timeline-1677078500.json",
		"name": "prisonTimeline"
	}
}
