{
	"events": [
		{
			"animation": "[Default]",
			"animation_length": 0,
			"change_mirror_portrait": false,
			"change_z_index": false,
			"character": "character-1676756794.json",
			"event_id": "dialogic_002",
			"mirror_portrait": false,
			"portrait": "Default",
			"portrait_definition": "",
			"position": {
				"0": false,
				"1": false,
				"2": false,
				"3": false,
				"4": false
			},
			"type": 0,
			"z_index": 0
		},
		{
			"character": "character-1676756794.json",
			"event_id": "dialogic_001",
			"portrait": "",
			"text": "Take ths portal to get to Ludwig\nHe is obsessed with content right now\nThe only way to save him is to defeat him in combat\nHis weak spot is his hand\nSo while he is attacking you with it, hit him back\nI know you can do it Coots!\nSAVE LUDWIG!"
		}
	],
	"metadata": {
		"dialogic-version": "1.4.5",
		"file": "timeline-1677168320.json",
		"name": "qtsRequest"
	}
}
