{
	"events": [
		{
			"animation": "[Default]",
			"animation_length": 0,
			"change_mirror_portrait": false,
			"change_z_index": false,
			"character": "character-1676756832.json",
			"event_id": "dialogic_002",
			"mirror_portrait": false,
			"portrait": "Default",
			"portrait_definition": "",
			"position": {
				"0": false,
				"1": false,
				"2": false,
				"3": false,
				"4": false
			},
			"type": 0,
			"z_index": 0
		},
		{
			"character": "character-1676756832.json",
			"event_id": "dialogic_001",
			"portrait": "",
			"text": "You Saved me Coots\nThank you so much\nI could just sing your praises\nYou are so Strong \nSo Smart\nSo..."
		},
		{
			"emit_signal": "_evil_begin",
			"event_id": "dialogic_040"
		},
		{
			"character": "character-1676756832.json",
			"event_id": "dialogic_001",
			"portrait": "",
			"text": "Stupid"
		},
		{
			"emit_signal": "_change_final",
			"event_id": "dialogic_040"
		}
	],
	"metadata": {
		"dialogic-version": "1.4.5",
		"file": "timeline-1677079105.json",
		"name": "dersBetrayal"
	}
}
